{
  "total_attacks": 82210,
  "bullying_count": 21457,
  "insurgency_count": 60753,
  "bullying_pct": 0.2610023111543608,
  "insurgency_pct": 0.7389976888456392,
  "verdict": "INSURGENCY"
}